{
  "model_name": "Random Forest",
  "params": {
    "n_estimators": 100,
    "max_depth": 10,
    "max_features": 0.5,
    "min_samples_split": 2
  },
  "dataset": "clintox.csv",
  "label_column": "FDA_APPROVED",
  "metrics": {
    "accuracy": 0.9358108108108109,
    "precision": 0.9387755102040817,
    "recall": 0.9963898916967509,
    "f1": 0.9667250437828371,
    "mcc": 0.1466609041047677,
    "roc_auc": 0.7338970169105073,
    "cv_mean": 0.9337837837837837,
    "cv_std": 0.006956506852018241
  },
  "timestamp": "2026-06-03T22:08:12.539573"
}